{
    "average ms": 9.588912307692308e-1,
    "99% ms": 8.46406e-1,
    "99.9% ms": 1.48616721e2
}