{
    "average ms": 8.60659835e-2,
    "99% ms": 3.37073e-1,
    "99.9% ms": 5.93129e-1
}