{
    "average ms": 1.15549939e-1,
    "99% ms": 1.900286e0,
    "99.9% ms": 1.453694e1
}