{
    "average ms": 3.4273454545454545e0,
    "99% ms": 3.47472e1,
    "99.9% ms": 3.47472e1
}