{
    "avg_ms": 5.2933241666666665e-2,
    "p99_ms": 1.652669e0,
    "p999_ms": 2.338149e0
}