{
    "avg_ms": 7.834634166666667e-2,
    "p99_ms": 3.67768e-1,
    "p999_ms": 5.80753e-1
}