{
    "average ms": 3.2307905748865356e-1,
    "99% ms": 6.0505e-1,
    "99.9% ms": 1.46600992e2
}