{
    "average ms": 1.4369389000000002e-1,
    "99% ms": 1.011472e0,
    "99.9% ms": 1.476505e0
}