{
    "average ms": 5.27240676e-1,
    "99% ms": 1.147516e0,
    "99.9% ms": 4.847355e0
}