{
    "average ms": 9.1298413e-2,
    "99% ms": 5.16491e-1,
    "99.9% ms": 4.614502e0
}