{
    "avg_ms": 5.6353216666666664e-2,
    "p99_ms": 1.65889e0,
    "p999_ms": 2.457817e0
}