{
    "average ms": 5.587457859999999e-1,
    "99% ms": 1.926549e0,
    "99.9% ms": 4.604336e0
}