{
    "avg_ms": 1.6184721666666668e0,
    "p99_ms": 3.168839e0,
    "p999_ms": 3.387885e0
}