{
    "average ms": 7.8764914e-2,
    "99% ms": 3.68746e-1,
    "99.9% ms": 7.59564e-1
}