{
    "average ms": 7.910149727272727e-1,
    "99% ms": 7.93689e-1,
    "99.9% ms": 1.46368304e2
}